id	condition1	pielou_evenness
#q2:types	categorical	numeric
SRR16701174	VINASSE	0.913126414358149
SRR16701175	VINASSE	0.91121205648482
SRR16701176	VINASSE	
SRR16701177	VINASSE	0.88606263003209
SRR16701178	MANURE	0.908600123646117
SRR16701179	MANURE	0.90402508261196
SRR16701180	MANURE	0.892358022925499
SRR16701181	MANURE	0.894551490406203
SRR16701182	VINASSE	0.891373273121552
SRR16701183	VINASSE	0.884783251806135
SRR16701184	MANURE	0.888734828079879
SRR16701185	MANURE	
SRR16481033	MANURE	
SRR16481034	MANURE	
SRR16481035	MANURE	
SRR16481036	MANURE	
SRR16481037	MANURE	
SRR16481038	MANURE	
SRR16481039	MANURE	
SRR16481040	MANURE	
SRR12959964	SILAGE	
SRR12959965	SILAGE	
SRR12959966	SILAGE	
SRR12959967	SILAGE	
SRR12959968	SILAGE	0.969723899868247
SRR12959969	SILAGE	
SRR12959970	SILAGE	
SRR12959971	SILAGE	
SRR12959972	SILAGE	0.946394630357186
SRR12959963	SILAGE	0.721928094887363
ERR3972151	MANURE	1
ERR3972152	MANURE	
ERR3972154	MANURE	
ERR3972155	MANURE	
ERR3972157	MANURE	
ERR3972158	MANURE	
ERR3972159	MANURE	1
ERR3972160	MANURE	
ERR3972162	MANURE	
ERR3972163	MANURE	
ERR3972165	MANURE	
ERR3972166	MANURE	
ERR3972168	MANURE	
ERR3972170	MANURE	
ERR3972172	MANURE	
ERR3972173	MANURE	
ERR3972175	MANURE	
ERR3972176	MANURE	
ERR3972178	MANURE	0.905712598013837
ERR3972181	MANURE	
ERR3972183	MANURE	
ERR3972184	MANURE	
ERR3972186	MANURE	
ERR3972150	MANURE	
ERR3972153	MANURE	
ERR3972156	MANURE	0.982141032834876
ERR3972161	MANURE	
ERR3972164	MANURE	
ERR3972167	MANURE	
ERR3972169	MANURE	
ERR3972171	MANURE	
ERR3972174	MANURE	
ERR3972177	MANURE	
ERR3972179	MANURE	
ERR3972180	MANURE	
ERR3972182	MANURE	0.863120568566631
ERR3972185	MANURE	
SRR8450533	SYNTHETIC	0.678800482295915
SRR8450534	SYNTHETIC	0.756579814325691
SRR8450535	SYNTHETIC	0.196544592269765
SRR8450536	SYNTHETIC	0.792349508214955
SRR8450537	SYNTHETIC	0.977669924196533
SRR8450544	SYNTHETIC	0.737573457949486
SRR8450545	SYNTHETIC	0.786016775012104
SRR8450546	SYNTHETIC	0.724490840995521
SRR8450547	SYNTHETIC	0.991279300482856
SRR8450548	SYNTHETIC	0.771070060527158
SRR8450549	SYNTHETIC	0.982032766124668
SRR8450550	SYNTHETIC	0.748520066985327
SRR8450551	SYNTHETIC	0.985346736387554
SRR8450552	SYNTHETIC	0.7526059845437
SRR8450553	SYNTHETIC	0.941187966432955
SRR8450554	SYNTHETIC	0.738216445512442
SRR8450555	SYNTHETIC	0.974385618977473
SRR8450556	SYNTHETIC	0.75570106232576
SRR8450557	SYNTHETIC	0.786043341505918
SRR8450558	SYNTHETIC	0.248586019364789
SRR8450559	SYNTHETIC	0.837776570647933
SRR8450560	SYNTHETIC	0.917051028566294
SRR8450561	SYNTHETIC	0.748487032132653
SRR8450562	SYNTHETIC	0.952193667136892
SRR8450563	SYNTHETIC	0.811097849028181
SRR8450564	SYNTHETIC	0.969207387579044
SRR8450565	SYNTHETIC	0.79771915982823
SRR8450566	SYNTHETIC	0.922835351750952
SRR8450567	SYNTHETIC	0.767755910795751
SRR8450568	SYNTHETIC	0.984935756389476
SRR8450569	SYNTHETIC	0.7497714546894
SRR8450570	SYNTHETIC	0.948405871303726
SRR8450571	SYNTHETIC	0.776761357901413
SRR8450579	SYNTHETIC	0.814671204950212
SRR8450580	SYNTHETIC	1
SRR8450581	SYNTHETIC	0.78068606570144
SRR8450582	SYNTHETIC	0.969366150859258
SRR8450583	SYNTHETIC	0.772335164007525
SRR8450584	SYNTHETIC	0.938306391952534
SRR8450585	SYNTHETIC	0.728654307772995
SRR8450586	SYNTHETIC	0.948813114890339
SRR8450587	SYNTHETIC	0.667483442784588
SRR8450588	SYNTHETIC	0.976614668672714
SRR8450589	SYNTHETIC	0.751817444035357
SRR8450590	SYNTHETIC	0.923955636132491
SRR8450591	SYNTHETIC	0.752314956929562
SRR8450592	SYNTHETIC	0.973849524277188
SRR8450529	SYNTHETIC	0.156689874947108
SRR8450530	SYNTHETIC	
SRR8450531	SYNTHETIC	0.959640560922252
SRR8450532	SYNTHETIC	
SRR8450538	SYNTHETIC	0.773075215893432
SRR8450539	SYNTHETIC	
SRR8450540	SYNTHETIC	0.823413796120635
SRR8450541	SYNTHETIC	0.98110021853631
SRR8450542	SYNTHETIC	0.781175294649183
SRR8450543	SYNTHETIC	0.83647998169862
SRR8450572	SYNTHETIC	0.714413260168644
SRR8450573	SYNTHETIC	0.789344957305313
SRR8450574	SYNTHETIC	0.995330871273784
SRR8450575	SYNTHETIC	0.797038156466216
SRR8450576	SYNTHETIC	
SRR8450577	SYNTHETIC	0.791395946153001
SRR8450578	SYNTHETIC	0.139284841852494
SRR2065167	SYNTHETIC	0.774610345117155
SRR2046292	SYNTHETIC	0.882110833633435
SRR2046299	SYNTHETIC	0.490415965785403
SRR2046304	SYNTHETIC	0.816948517525446
SRR2046339	SYNTHETIC	0.793949336210754
SRR2046406	SYNTHETIC	1
SRR6067579	FOODWASTE	0.650514612924267
SRR6067580	FOODWASTE	0.636067681740447
SRR6067581	FOODWASTE	0.670567395622405
SRR6067582	FOODWASTE	0.720991237799444
SRR6067583	FOODWASTE	0.74219446295649
SRR6067584	FOODWASTE	0.647283633916738
SRR6067585	FOODWASTE	0.682990966552655
SRR6067586	FOODWASTE	0.681661453095101
SRR6067587	FOODWASTE	0.652606875538679
SRR6067588	FOODWASTE	0.863543236668728
SRR6067589	FOODWASTE	0.648250774968367
SRR6067590	FOODWASTE	0.841453515065607
SRR6067591	FOODWASTE	0.861750571045032
SRR6067592	FOODWASTE	0.866968819121946
SRR6067593	FOODWASTE	0.848665479809755
SRR6067594	FOODWASTE	0.823903147293053
SRR6067595	FOODWASTE	0.824335880449927
SRR6067596	FOODWASTE	0.719500639262199
SRR6067597	FOODWASTE	0.674024858750144
SRR6067598	FOODWASTE	0.785354251736601
SRR6067599	FOODWASTE	0.697872522498785
SRR6067600	FOODWASTE	0.690157349631973
SRR6067601	FOODWASTE	0.693697210421292
SRR6067602	FOODWASTE	0.63273497793233
SRR6067603	FOODWASTE	0.650217581011071
SRR6067604	FOODWASTE	0.81373641725591
SRR6067605	FOODWASTE	0.770356943356539
SRR6067606	FOODWASTE	0.709152390539234
SRR6067607	FOODWASTE	0.758442733732422
SRR6067608	FOODWASTE	0.703422503890354
SRR6067609	FOODWASTE	0.682416942006343
SRR6067610	FOODWASTE	0.714740711836548
SRR6067611	FOODWASTE	0.733414652991715
SRR6067612	FOODWASTE	0.740236746497395
SRR6067613	FOODWASTE	0.824302881041437
SRR6067614	FOODWASTE	0.869388428590011
SRR6067615	FOODWASTE	0.817679900814577
SRR6067616	FOODWASTE	0.850587401963533
SRR6067617	FOODWASTE	0.82456793588837
SRR6067618	FOODWASTE	0.813743338389891
SRR6067619	FOODWASTE	0.823690402443655
SRR6067620	FOODWASTE	0.608237870985765
SRR6067621	FOODWASTE	0.641679171471348
SRR6067622	FOODWASTE	0.836555653941312
SRR6067623	FOODWASTE	0.752884471627231
SRR6067624	FOODWASTE	0.699256619769508
SRR6067625	FOODWASTE	0.686687465779337
SRR6301242	MIXED	
SRR6301243	MIXED	
SRR6301245	MIXED	0.678007795657998
SRR6301247	MIXED	
SRR6301248	MIXED	
SRR6301249	MIXED	
SRR6301250	MIXED	0.508134757988509
SRR6301251	MIXED	0.872445112752864
SRR6301252	MIXED	
SRR6301253	MIXED	
SRR6301254	MIXED	0.808524671805711
SRR6301256	MIXED	
SRR6301257	MIXED	0.63691780376214
SRR6301258	MIXED	0.885914242168297
SRR6301259	MIXED	0.896240625180289
SRR6301260	MIXED	
SRR6301261	MIXED	0.845984258483227
SRR6301262	MIXED	0.719332904088178
ERR3561496	MIXED	0.904579859647426
ERR3561497	MIXED	0.876538627399828
ERR3561498	MIXED	0.90605004365612
ERR3561499	MIXED	0.888679028873004
ERR3561500	MIXED	0.912639171421596
ERR3561501	MIXED	0.915480704053433
ERR3561502	MIXED	0.921865685262193
ERR3561503	MIXED	0.920708627431981
ERR3561504	MIXED	0.915837917693483
ERR3561505	MIXED	0.927323119560083
ERR3561506	MIXED	0.889467519604289
ERR3561507	MIXED	0.928347712598902
ERR3561508	MIXED	0.915143113543281
ERR3561509	MIXED	0.920663735189246
ERR3561510	MIXED	0.92071863633828
ERR3561511	MIXED	0.875271669474019
ERR3561512	MIXED	0.877862243506605
ERR3561513	MIXED	0.905371146548869
ERR3561514	MIXED	0.927524069231633
ERR3561515	MIXED	0.909313380584421
ERR3561516	MIXED	0.912902128071853
ERR3561517	MIXED	0.915262164362798
ERR3561518	MIXED	0.932787334712643
ERR3561519	MIXED	0.935447026849871
ERR3561520	MIXED	0.897266588449553
ERR3561521	MIXED	0.868541566072504
ERR3561522	MIXED	0.88435892828386
ERR3561523	MIXED	0.948334334627319
ERR3561524	MIXED	0.895403518389408
ERR3561525	MIXED	0.916361705616069
ERR3561526	MIXED	0.913927448689072
ERR3561527	MIXED	0.910803637003689
ERR3561528	MIXED	0.929763442404181
ERR3561529	MIXED	0.840338210930931
ERR3561530	MIXED	0.911858956050829
ERR3561531	MIXED	0.894998857046818
ERR3561532	MIXED	0.904992330357631
ERR3561533	MIXED	0.911140871000336
ERR3561534	MIXED	0.926305586417437
ERR3561535	MIXED	0.942928241620476
ERR3561536	MIXED	0.947200068123
ERR3561537	MIXED	0.945180466825408
ERR3561538	MIXED	0.888283075725476
ERR3561539	MIXED	0.908420766667122
ERR3561540	MIXED	0.875493627845251
SRR9089336	FOODWASTE	0.880154713593017
SRR9089337	FOODWASTE	0.964519771615139
SRR9089338	FOODWASTE	0.91252089632913
SRR9089339	FOODWASTE	0.977484042271844
SRR9089340	FOODWASTE	0.937914289262579
SRR9089341	FOODWASTE	0.984883563658341
SRR9089342	FOODWASTE	0.972440873342276
SRR9089343	FOODWASTE	0.963775736214461
SRR9089344	FOODWASTE	0.949185527327059
SRR9089345	FOODWASTE	0.966812432594654
SRR9089346	FOODWASTE	0.843085186432464
SRR1951459	DOMESTIC-URBAN	0.784208692661555
SRR1951460	DOMESTIC-URBAN	0.782280441286668
SRR1951462	DOMESTIC-URBAN	0.774302825164109
SRR1951463	DOMESTIC-URBAN	0.735387242218172
ERR2588115	SYNTHETIC	0.605101729243494
ERR2588116	SYNTHETIC	0.844541246458715
ERR2588117	SYNTHETIC	0.783532395389157
ERR2588118	SYNTHETIC	0.647435817690111
ERR2588119	SYNTHETIC	0.660149788949446
ERR2588120	SYNTHETIC	0.592038328800996
ERR2588121	SYNTHETIC	0.611263487769622
ERR2588122	SYNTHETIC	0.86496157888382
ERR2588123	SYNTHETIC	0.704446428710561
ERR2588124	SYNTHETIC	0.707925434056235
ERR2588125	SYNTHETIC	0.840068088258344
ERR2588126	SYNTHETIC	0.781674080976779
ERR2588127	SYNTHETIC	0.726504328990352
ERR2588128	SYNTHETIC	0.612454982526149
ERR2588129	SYNTHETIC	0.540076019888138
ERR2588130	SILAGE	0.845113972390351
ERR2588131	SILAGE	0.916432862671608
ERR2588132	SILAGE	0.848409102820201
ERR2588133	SILAGE	
ERR2588134	SILAGE	0.861831892494524
ERR2588135	SILAGE	0.913672649931195
ERR2588136	SILAGE	0.873015698735955
ERR2588137	SILAGE	0.85644381075908
ERR2588138	SILAGE	0.848431935620147
ERR2588139	SILAGE	0.668078167443986
ERR2588140	SILAGE	0.814848902324316
ERR2588141	SILAGE	0.916131448512135
ERR2588142	SILAGE	0.640830129754556
ERR2588143	SILAGE	0.786949512273867
ERR2588144	SILAGE	0.666971320491919
ERR2588145	SILAGE	0.451694055862988
ERR2588146	SILAGE	0.757544952572455
ERR2588147	SILAGE	0.709707615747128
SRR11545268	SILAGE	0.903167222613867
SRR11545269	SILAGE	0.913385133369333
SRR11545270	SILAGE	0.847854518995324
SRR11545271	SILAGE	0.875284932729086
SRR11545272	SILAGE	0.942622029293209
SRR11545273	SILAGE	0.97219353732599
SRR11545274	SILAGE	0.948764453377944
SRR11545275	SILAGE	0.914791817030262
SRR11545276	SILAGE	0.936506172717958
SRR11545277	SILAGE	0.932491963588996
SRR11545278	SILAGE	0.840633159390022
SRR11545279	SILAGE	0.817533986347031
SRR12983455	SILAGE	
SRR12983456	SILAGE	
SRR12983457	SILAGE	
SRR12983458	SILAGE	
SRR12983459	SILAGE	
SRR12983460	SILAGE	
SRR12983461	SILAGE	
SRR12983462	SILAGE	
SRR12983463	SILAGE	
SRR12983464	SILAGE	
SRR12983465	SILAGE	
SRR12983466	SILAGE	0.960964047443682
SRR12983467	SILAGE	1
SRR12983468	SILAGE	
SRR12983469	SILAGE	
SRR12983470	SILAGE	
SRR12983471	SILAGE	
SRR12983472	SILAGE	
SRR12983473	SILAGE	
SRR12983474	SILAGE	
SRR12983475	SILAGE	
SRR12983476	SILAGE	
SRR12983477	SILAGE	
SRR12983478	SILAGE	
SRR12983880	SILAGE	
SRR12983881	SILAGE	
SRR12983882	SILAGE	
SRR12983883	SILAGE	
SRR12983884	SILAGE	
SRR12983885	SILAGE	
SRR12983886	SILAGE	0.91829583405449
SRR12983887	SILAGE	1
SRR12983888	SILAGE	
SRR12983889	SILAGE	
SRR12983890	SILAGE	0.921185496588554
SRR12983891	SILAGE	
SRR12983892	SILAGE	
SRR12983893	SILAGE	
SRR12983894	SILAGE	
SRR12983895	SILAGE	0.960964047443682
SRR12983896	SILAGE	
SRR12983897	SILAGE	
SRR12983898	SILAGE	
SRR12983899	SILAGE	
SRR12983900	SILAGE	
SRR12983901	SILAGE	
SRR12983902	SILAGE	
SRR12983903	SILAGE	
SRR12983904	SILAGE	
SRR12983905	SILAGE	
SRR12983906	SILAGE	
SRR12983907	SILAGE	
SRR12983908	SILAGE	
SRR12983909	SILAGE	
SRR12983910	SILAGE	
SRR12983911	SILAGE	1
SRR12983912	SILAGE	
SRR12983913	SILAGE	
SRR12983914	SILAGE	
SRR12983915	SILAGE	
SRR12074283	MIXED	
SRR12074284	MIXED	0.77250688571426
SRR12074285	MIXED	0.721928094887363
SRR12074286	MIXED	
SRR12074287	MIXED	
SRR12074288	MIXED	
SRR12074289	MIXED	0.811278124459133
SRR12074290	MIXED	0.795617602411514
SRR12074291	MIXED	
SRR12074292	MIXED	0.907546118438242
SRR12074293	MIXED	0.808303200406578
SRR12074294	MIXED	0.709516488080493
SRR12074295	MIXED	0.875196992628769
SRR12074296	MIXED	0.772127267089707
SRR12074297	MIXED	0.823399364661489
SRR12074298	MIXED	0.858154833860879
SRR12074299	MIXED	0.915490872956658
SRR12074300	MIXED	1
SRR12074301	MIXED	
SRR12074302	MIXED	
SRR12074303	MIXED	0.815550295612556
SRR12074304	MIXED	0.886735413610962
SRR12074305	MIXED	0.896364758321925
SRR12074306	MIXED	0.852792488490041
SRR12074307	MIXED	
SRR12074308	MIXED	
SRR12074309	MIXED	
SRR12074310	MIXED	
SRR12074311	MIXED	
SRR12074312	MIXED	1
SRR12074313	MIXED	
SRR12074314	MIXED	
SRR13189624	SILAGE	0.382150933960656
SRR13189625	SILAGE	0.408012592512834
SRR13189626	SILAGE	0.91829583405449
SRR13189627	SILAGE	0.958711882977132
SRR13189628	SILAGE	0.797554421203787
SRR13189629	SILAGE	0.969570350190125
SRR13189630	SILAGE	0.902518266288633
SRR13189631	SILAGE	0.726672994980293
SRR13189632	SILAGE	0.362051251733998
SRR13189633	SILAGE	
SRR13189634	SILAGE	0.832878782033381
SRR13189635	SILAGE	0.966177351388351
SRR12088648	DOMESTIC-URBAN	0.880700611082312
SRR12088649	DOMESTIC-URBAN	0.887535577258812
SRR12088650	DOMESTIC-URBAN	0.895680486509969
SRR12088651	DOMESTIC-URBAN	0.865714812580642
SRR12088652	DOMESTIC-URBAN	0.876142510591651
SRR12088653	DOMESTIC-URBAN	0.878949062177597
SRR12088654	DOMESTIC-URBAN	0.890901662611806
SRR12088655	DOMESTIC-URBAN	0.874871177568442
SRR12088656	DOMESTIC-URBAN	0.87644833980044
SRR12088657	DOMESTIC-URBAN	0.899772558600377
SRR12088658	DOMESTIC-URBAN	0.887993770323541
SRR13168257	SILAGE	0.60080883244112
SRR13168258	SILAGE	0.881092337839925
SRR13168259	SILAGE	0.886060223811679
SRR13168260	SILAGE	0.896480286653075
SRR13168261	SILAGE	0.875703116117741
SRR13168262	SILAGE	0.878877836182187
SRR13168263	SILAGE	0.837676589208482
SRR13168264	SILAGE	0.821128891884809
SRR13168268	SILAGE	0.631706616348023
SRR13168269	SILAGE	0.625959860380282
SRR13168270	SILAGE	0.85814737097043
SRR13168271	SILAGE	0.902585294020155
SRR12011790	MANURE	0.941034380675118
SRR12011791	MANURE	0.801116554904193
SRR12011792	MANURE	0.956330756589072
SRR12011793	MANURE	0.850911085618206
SRR12011794	MANURE	0.671443085888542
SRR12011795	MANURE	0.714454836012044
SRR12011796	MANURE	0.382917264701993
SRR12011797	MANURE	0.325362583164752
SRR12011798	MANURE	0.648590352417802
SRR12011799	MANURE	0.697365785498303
SRR12011800	MANURE	0.570665099895565
SRR12011801	MANURE	0.667086582534095
SRR12011802	MANURE	0.954702142402263
SRR12011803	MANURE	0.888266541401845
SRR12011804	MANURE	0.978307056866921
SRR12011805	MANURE	0.964746644477945
SRR12011806	MANURE	0.933099730078256
SRR12011807	MANURE	0.943226383638226
SRR12011808	MANURE	0.876192520057587
SRR12011809	MANURE	0.978239149953355
SRR12011810	MANURE	0.896909961441407
SRR12011811	MANURE	0.91509259714662
SRR12011812	MANURE	0.938016285780254
SRR12011813	MANURE	0.919250922650682
SRR12011814	MANURE	0.956010975213991
SRR12011815	MANURE	0.938114579637173
SRR12011816	MANURE	0.849095121645206
SRR12011817	MANURE	0.910754212258536
SRR12011818	MANURE	0.868758847081295
SRR12011819	MANURE	0.836928934711879
SRR12011820	MANURE	0.895633693243714
SRR12011821	MANURE	0.872927375157282
SRR12011822	MANURE	0.859468553560618
SRR12011823	MANURE	0.97801443045001
SRR12011824	MANURE	0.869858145572083
SRR12011825	MANURE	0.992661804243164
SRR12011826	MANURE	0.834899384860462
SRR12011827	MANURE	0.845830187195595
SRR12011828	MANURE	0.920034904288885
SRR12011829	MANURE	0.948218687733695
SRR12011830	MANURE	0.937568035943314
SRR12011831	MANURE	0.977635207646857
SRR12011832	MANURE	0.920614821814854
SRR12011833	MANURE	0.861640519652775
SRR12011834	MANURE	0.954832112241198
SRR12011835	MANURE	0.881717131600468
SRR12011836	MANURE	0.872368182081443
SRR12011837	MANURE	0.9894823535766
SRR12011838	MANURE	
SRR12011839	MANURE	0.940576343230206
SRR12011840	MANURE	0.776422897285401
SRR12011841	MANURE	0.85073352978442
SRR12011842	MANURE	0.838527339158119
SRR12011843	MANURE	0.708034960967167
SRR12011844	MANURE	0.739797626092058
SRR12011845	MANURE	0.977750628022202
SRR12011846	MANURE	0.757354368720534
SRR12011847	MANURE	0.893674900209687
SRR12011848	MANURE	0.841306875625963
SRR12011849	MANURE	0.792711498866052
SRR12011850	MANURE	0.683356142625612
SRR12011851	MANURE	0.866403697011839
SRR12011852	MANURE	0.571221464847401
SRR12011853	MANURE	0.614606856508733
SRR12011854	MANURE	0.809671071473154
SRR12011855	MANURE	0.761076642150877
SRR12011856	MANURE	0.835550921713266
SRR12011857	MANURE	0.921458442893812
SRR12011858	MANURE	0.836699044867283
SRR12011859	MANURE	0.891017649639827
SRR12011860	MANURE	0.746023515326209
SRR12011861	MANURE	0.803259621678815
SRR12011862	MANURE	0.8751039200155
SRR12011863	MANURE	0.839070821528868
SRR12011864	MANURE	0.797536656735322
SRR12011865	MANURE	0.781210579821166
SRR12011866	MANURE	0.859962863822511
SRR12011867	MANURE	0.748494821839814
SRR12011868	MANURE	0.848179700830922
SRR12011869	MANURE	0.839982749618809
SRR12011870	MANURE	0.73771793771608
SRR12011871	MANURE	0.870898417536387
SRR12011872	MANURE	0.863970382005036
SRR12011873	MANURE	0.796226129227333
SRR12011874	MANURE	0.881183229168838
SRR12011875	MANURE	0.963636795638965
SRR12011876	MANURE	0.963359218624843
SRR12011877	MANURE	0.829706476862779
SRR12011878	MANURE	0.821383856477199
SRR12011879	MANURE	0.819521476642197
SRR12011880	MANURE	0.892773869856705
SRR12011881	MANURE	0.830816809674974
SRR12011882	MANURE	0.842874428567296
SRR12011883	MANURE	0.884234426438402
SRR12011884	MANURE	0.847408874392775
SRR12011885	MANURE	0.851543713890287
SRR12011886	MANURE	0.971980038354386
SRR12011887	MANURE	0.814971772765237
SRR12011888	MANURE	0.6772949720797
SRR12011889	MANURE	0.731745557272166
SRR12011890	MANURE	0.65057076870727
SRR12011891	MANURE	0.868662607016573
SRR12011892	MANURE	0.861467593656937
SRR12011893	MANURE	0.78587681191122
SRR12011894	MANURE	0.802963233852089
SRR12011895	MANURE	0.807182474031897
SRR12011896	MANURE	0.813795498310667
SRR12011897	MANURE	0.944238715472463
SRR12011898	MANURE	
SRR12011899	MANURE	0.694316404851719
SRR12011900	MANURE	0.838622126482779
SRR12011901	MANURE	0.886692861025117
SRR12011902	MANURE	0.786618871499225
SRR12011903	MANURE	0.92127458418918
SRR12011904	MANURE	0.87345784329304
SRR12011905	MANURE	0.856635497983172
SRR12011906	MANURE	
SRR12011907	MANURE	0.90560609065078
SRR12011908	MANURE	0.960778576206496
SRR12011909	MANURE	0.950741823110263
SRR12011910	MANURE	0.900809366674419
SRR12011911	MANURE	0.93467155182276
SRR12011912	MANURE	0.971300763483418
SRR12011913	MANURE	0.963580891876035
SRR12011914	MANURE	0.923087498944971
SRR12011915	MANURE	0.888794711862376
SRR12011916	MANURE	0.915720152268046
SRR12011917	MANURE	0.874667780611614
SRR12011918	MANURE	0.980946336257079
SRR12011919	MANURE	0.941891196562908
SRR12011920	MANURE	0.821119220593922
SRR12011921	MANURE	0.807803501017089
SRR12011922	MANURE	0.964796263557707
SRR12011923	MANURE	0.980502416298474
SRR12011924	MANURE	0.943229127612874
SRR12011925	MANURE	0.922624146148789
SRR12011926	MANURE	0.832867900462917
SRR12011927	MANURE	0.8780356346539
SRR12011928	MANURE	0.760848121733417
SRR12011929	MANURE	0.990691447580544
SRR12011930	MANURE	0.911933421798464
SRR14300739	FOODWASTE	0.88865805887869
SRR14300740	FOODWASTE	0.887192740315814
SRR14300741	SILAGE	
SRR14300742	SILAGE	0.73122413422602
SRR14300743	FOODWASTE	0.855654594162674
SRR14300744	FOODWASTE	0.924077309313665
SRR14300745	FOODWASTE	0.922091819806942
SRR14300746	FOODWASTE	0.865242267841163
SRR14300747	FOODWASTE	0.878745743787552
SRR14300748	FOODWASTE	
SRR14300749	FOODWASTE	0.948516000156949
SRR14300750	FOODWASTE	0.845662631162038
SRR14300751	FOODWASTE	
SRR14300752	FOODWASTE	0.599910876387222
SRR14300753	SILAGE	
SRR14300754	FOODWASTE	0.427946349385159
SRR14300755	FOODWASTE	0.714020390706668
SRR14300756	FOODWASTE	
SRR14300757	FOODWASTE	0.885232067210195
SRR14300758	FOODWASTE	0.993221987663188
SRR14300759	FOODWASTE	0.961447592243166
SRR14300760	FOODWASTE	0.845824684991011
SRR14300761	FOODWASTE	
SRR14300762	FOODWASTE	
SRR14300763	FOODWASTE	
SRR14300764	SILAGE	0.932268252646098
SRR14300765	FOODWASTE	
SRR14300766	FOODWASTE	
SRR14300767	FOODWASTE	0.9032689409518
SRR14300768	FOODWASTE	0.896504311506044
SRR14300769	FOODWASTE	0.964270431779814
SRR14300770	FOODWASTE	0.958629642074337
SRR14300771	FOODWASTE	0.804036921505007
SRR14300772	FOODWASTE	0.86650889075035
SRR14300773	FOODWASTE	0.831663630579837
SRR14300774	FOODWASTE	
SRR14300775	SILAGE	0.870002121127285
SRR14300776	FOODWASTE	0.181166401553546
SRR14300777	FOODWASTE	0.871151130255923
SRR14300778	FOODWASTE	0.84652318841029
SRR14300779	FOODWASTE	0.829706048268907
SRR14300780	SILAGE	0.859781306867189
SRR14300781	SILAGE	0.885584783797128
SRR14300782	SILAGE	0.823885418382751
SRR14300783	SILAGE	0.858540318203487
SRR14300784	SILAGE	0.89125074801336
SRR14300785	SILAGE	0.917552635455177
SRR14300786	SILAGE	0.974245250571207
SRR14300787	SILAGE	0.852426985311358
SRR14300788	SILAGE	
SRR14300789	SILAGE	0.887914872732958
SRR14300790	SILAGE	0.881821580680512
SRR14300791	SILAGE	0.94799757948023
SRR14300792	SILAGE	0.841636804817478
SRR14300793	SILAGE	0.719107893437351
SRR14300794	SILAGE	0.791526982104166
SRR14300795	SILAGE	0.711950422316614
SRR14300796	SILAGE	0.710350084759766
SRR14300797	SILAGE	0.96702109916981
SRR14300798	SILAGE	0.706834036965432
SRR14300799	SILAGE	
SRR14300800	FOODWASTE	0.879818415140619
SRR14300801	FOODWASTE	0.89616482796426
SRR14300802	FOODWASTE	0.96458281581358
SRR14300803	FOODWASTE	0.984859640652422
SRR14300804	FOODWASTE	0.835585942498662
SRR14300805	FOODWASTE	
SRR14300806	FOODWASTE	0.954434002924965
SRR14300807	FOODWASTE	0.820363642957673
SRR14300808	FOODWASTE	0.826939361924057
SRR14300809	FOODWASTE	0.721345346832453
SRR14300810	SILAGE	
SRR14300811	FOODWASTE	0.684697050184943
SRR14300812	FOODWASTE	0.864168262612727
SRR14300813	FOODWASTE	0.584751496681826
SRR14300814	FOODWASTE	0.944434683330586
SRR14300815	FOODWASTE	0.634615127072287
SRR14300816	FOODWASTE	0.907126008971166
SRR14300817	FOODWASTE	0.89984460270229
SRR14300818	FOODWASTE	
SRR14300819	FOODWASTE	
SRR14300820	FOODWASTE	0.97677600653249
SRR14300821	SILAGE	
SRR14300822	FOODWASTE	0.928374236878613
SRR14300823	FOODWASTE	0.938287222326454
SRR14300824	FOODWASTE	0.802747357374912
SRR14300825	FOODWASTE	0.87867548143232
SRR14300826	FOODWASTE	0.883309098790088
SRR14300827	FOODWASTE	0.772791406398101
SRR14300828	FOODWASTE	0.841965948496569
SRR14300829	FOODWASTE	0.923625473304871
SRR14300830	FOODWASTE	0.819315790877009
SRR14300831	FOODWASTE	
SRR14300832	SILAGE	0.682034327555963
SRR14300833	FOODWASTE	0.938574614274459
SRR14300834	FOODWASTE	0.89334593722149
SRR14300835	FOODWASTE	0.850725025231316
SRR14300836	FOODWASTE	0.845716420393552
SRR14300837	FOODWASTE	0.813418138480139
SRR14300838	FOODWASTE	0.768533499565988
SRR14300839	FOODWASTE	0.860267957792597
SRR14300840	FOODWASTE	0.854391036881224
SRR14300841	FOODWASTE	0.856294866361738
SRR14300842	FOODWASTE	0.865759011898367
SRR14300843	SILAGE	0.627803718141387
SRR14300844	SILAGE	0.727638589538118
SRR14300845	FOODWASTE	0.75931660238007
SRR14300846	FOODWASTE	
SRR14300847	FOODWASTE	0.888968927008564
SRR14300848	FOODWASTE	0.825833039360601
SRR14300849	FOODWASTE	0.921762210703035
SRR14300850	FOODWASTE	0.918339886126918
SRR14300851	FOODWASTE	0.836767144245957
SRR14300852	FOODWASTE	0.837642868717642
SRR14300853	FOODWASTE	0.819568618657583
SRR14300854	FOODWASTE	0.849266421630331
SRR14300855	SILAGE	0.684545044211749
SRR14300856	FOODWASTE	0.916914483396746
SRR14300857	FOODWASTE	0.831207806039739
SRR14300858	FOODWASTE	0.731711161033468
SRR14300859	FOODWASTE	0.780212653023222
SRR14300860	FOODWASTE	0.715231130449077
SRR14300861	FOODWASTE	0.839507812507152
SRR14300862	FOODWASTE	0.927968508605978
SRR14300472	FOODWASTE	0.898578274428318
SRR14300473	FOODWASTE	0.926586447500427
SRR14300474	FOODWASTE	0.896081624960195
SRR14300475	SILAGE	0.931829352384778
SRR14300476	FOODWASTE	0.849316772774461
SRR14300477	FOODWASTE	0.830286482845334
SRR14300478	FOODWASTE	0.919972085725006
SRR14300479	FOODWASTE	0.90898939062628
SRR14300480	FOODWASTE	0.800626393003233
SRR14300481	MANURE	0.852772932903801
SRR14300482	MANURE	0.919133675739622
SRR14300483	MANURE	0.734341395645027
SRR14300484	MANURE	0.765553208671632
SRR14300485	MANURE	0.916180413239079
SRR14300486	SILAGE	0.652015303876922
SRR14300487	MANURE	0.930003916514712
SRR14300488	MANURE	0.78031719522188
SRR14300489	MANURE	0.854613409600944
SRR14300490	MANURE	0.750634111353854
SRR14300491	MANURE	0.726085315052933
SRR14300492	MANURE	0.409499399698543
SRR14300493	MANURE	0.805744980739924
SRR14300494	MANURE	0.486780482383575
SRR14300495	MANURE	
SRR14300496	MANURE	
SRR14300497	SILAGE	0.670075351248191
SRR14300498	MANURE	
SRR14300499	MANURE	0.719790688289294
SRR14300500	MANURE	
SRR14300501	MANURE	
SRR14300502	MANURE	
SRR14300503	MANURE	0.42975860930376
SRR14300504	MANURE	
SRR14300505	MANURE	0.502069004563412
SRR14300506	MANURE	0.957801842921728
SRR14300507	MANURE	
SRR14300508	SILAGE	0.694444601307753
SRR14300509	MANURE	
SRR14300510	MANURE	0.554494302774142
SRR14300511	MANURE	0.875899945182265
SRR14300512	MANURE	
SRR14300513	MANURE	
SRR14300514	MANURE	0.997354830800999
SRR14300515	MANURE	
SRR14300516	MANURE	
SRR14300517	MANURE	
SRR14300518	MANURE	
SRR14300519	SILAGE	0.685331773701136
SRR14300520	MANURE	0.862596893371739
SRR14300521	MANURE	
SRR14300522	MANURE	
SRR14300523	MANURE	
SRR14300524	MANURE	
SRR14300525	MANURE	0.746579457798696
SRR14300526	MANURE	
SRR14300527	MANURE	0.343519741007401
SRR14300528	MANURE	
SRR14300529	MANURE	
SRR14300530	SILAGE	0.717028286108386
SRR14300531	MANURE	
SRR14300532	MANURE	
SRR14300533	MANURE	0.690428585530417
SRR14300534	MANURE	
SRR14300535	MANURE	
SRR14300536	MANURE	0.933198840366857
SRR14300537	MANURE	
SRR14300538	MANURE	0.906323869501138
SRR14300539	MANURE	
SRR14300540	MANURE	
SRR14300541	SILAGE	
SRR14300542	MANURE	0.845396300606298
SRR14300543	MANURE	
SRR14300544	MANURE	0.604045032561098
SRR14300545	MANURE	0.534395260700506
SRR14300546	MANURE	0.280731128491541
SRR14300547	MANURE	
SRR14300548	MANURE	
SRR14300549	MANURE	0.990785247793731
SRR14300550	MANURE	
SRR14300551	MANURE	
SRR14300552	SILAGE	
SRR14300553	MANURE	
SRR14300554	MANURE	0.916244882604066
SRR14300555	MANURE	
SRR14300556	MANURE	
SRR14300557	MANURE	0.955761701734333
SRR14300558	MANURE	0.893256781975315
SRR14300559	MANURE	0.698439318181083
SRR14300560	MANURE	
SRR14300561	MANURE	
SRR14300562	MANURE	
SRR14300563	SILAGE	0.847511582096937
SRR14300564	SILAGE	0.821588607184814
SRR14300565	MANURE	
SRR14300566	MANURE	0.966985295832085
SRR14300567	MANURE	
SRR14300568	SILAGE	0.864384007926848
SRR14300569	SILAGE	0.640843059920541
SRR14300570	SILAGE	0.700565410382678
SRR14300571	SILAGE	
SRR14300572	SILAGE	0.745747526315449
SRR14300573	SILAGE	0.609539530073767
SRR14300574	SILAGE	0.781506171524878
SRR14300575	SILAGE	0.798538430508857
SRR14300576	SILAGE	0.804226104596594
SRR14300577	SILAGE	0.737137681024788
SRR14300578	SILAGE	0.88188390291888
SRR14300579	SILAGE	0.817669322489609
SRR14300580	FOODWASTE	0.888725170919908
SRR14300581	FOODWASTE	0.820926714750996
SRR14300582	FOODWASTE	0.898885824119516
SRR14300583	FOODWASTE	0.614205102828161
SRR14300584	FOODWASTE	0.871272280711395
SRR14300585	FOODWASTE	0.71002058411068
SRR14300586	FOODWASTE	0.894195663963574
SRR14300587	FOODWASTE	0.603191062385751
SRR14300588	FOODWASTE	
SRR14300589	FOODWASTE	
SRR14300590	FOODWASTE	0.999757831008219
SRR14300591	SILAGE	0.728661119253032
SRR14300592	FOODWASTE	0.790312716701858
SRR14300593	FOODWASTE	0.760973646930704
SRR14300594	FOODWASTE	0.702340240157308
SRR14300595	FOODWASTE	0.525045420618969
SRR14300596	FOODWASTE	0.942953978839149
SRR14300597	FOODWASTE	0.741069910604146
SRR14300598	FOODWASTE	0.99068631498042
SRR14300599	FOODWASTE	0.991883075452656
SRR14300600	FOODWASTE	0.828819797132837
SRR14300601	FOODWASTE	
SRR14300602	SILAGE	0.9012702394977
SRR14300603	FOODWASTE	0.998612175318013
SRR14300604	FOODWASTE	0.955957390190148
SRR14300605	FOODWASTE	0.820548933060516
SRR14300606	FOODWASTE	0.741946065339453
SRR14300607	FOODWASTE	0.816324049489603
SRR14300608	FOODWASTE	0.766177873985414
SRR14300609	FOODWASTE	0.729965469393254
SRR14300610	FOODWASTE	0.963763784861265
SRR14300611	FOODWASTE	0.895485159291142
SRR14300612	FOODWASTE	0.896517518430036
SRR14300613	SILAGE	0.939704861562716
SRR14300614	FOODWASTE	0.8470125127982
SRR14300615	FOODWASTE	
SRR14300616	FOODWASTE	0.616678349683562
SRR14300617	FOODWASTE	0.871683617119982
SRR14300618	FOODWASTE	0.787568216587245
SRR14300619	FOODWASTE	0.116800466372113
SRR14300620	FOODWASTE	0.877161119634047
SRR14300621	FOODWASTE	0.87040291988053
SRR14300622	FOODWASTE	0.863382554062635
SRR14300623	FOODWASTE	0.682872295630297
SRR14300624	SILAGE	0.931696243527946
SRR14300625	FOODWASTE	0.721239092263984
SRR14300626	FOODWASTE	0.687649227762323
SRR14300627	FOODWASTE	0.942152759535731
SRR14300628	FOODWASTE	
SRR14300629	FOODWASTE	
SRR14300630	FOODWASTE	0.762727226844283
SRR14300631	FOODWASTE	0.668392816742535
SRR14300632	FOODWASTE	0.830425899762594
SRR14300633	FOODWASTE	0.881331824989621
SRR14300634	FOODWASTE	0.364382875010111
SRR14300635	MANURE	
SRR14300636	MANURE	
SRR14300637	MANURE	0.96498306642934
SRR14300638	MANURE	0.97619981756556
SRR14300639	MANURE	
SRR14300640	MANURE	0.74284544690866
SRR14300641	MANURE	
SRR14300642	SILAGE	0.880070719705368
SRR14300643	MANURE	
SRR14300644	MANURE	
SRR14300645	MANURE	0.745502434580181
SRR14300646	MANURE	0.868174361400015
SRR14300647	MANURE	0.837664292648824
SRR14300648	MANURE	0.776853779823301
SRR14300649	MANURE	
SRR14300650	MANURE	
SRR14300651	MANURE	0.548204524728917
SRR14300652	MANURE	0.7752968744489
SRR14300653	SILAGE	0.976643402483693
SRR14300654	MANURE	0.919878378258109
SRR14300655	MANURE	
SRR14300656	MANURE	
SRR14300657	MANURE	
SRR14300658	MANURE	0.916898597792496
SRR14300659	MANURE	0.85907206598571
SRR14300660	MANURE	0.971024083183683
SRR14300661	MANURE	0.859803630100744
SRR14300662	MANURE	0.868164321635471
SRR14300663	MANURE	0.905143143974824
SRR14300664	SILAGE	0.74178524906581
SRR14300665	MANURE	0.798910738064072
SRR14300666	MANURE	0.562958847676227
SRR14300667	MANURE	0.857144335469862
SRR14300668	MANURE	
SRR14300669	MANURE	
SRR14300670	MANURE	0.758451101486048
SRR14300671	MANURE	0.842401847411279
SRR14300672	MANURE	0.862549213078799
SRR14300673	MANURE	0.770849097390262
SRR14300674	MANURE	0.795515256304286
SRR14300675	SILAGE	0.970921462005732
SRR14300676	MANURE	0.841099591029449
SRR14300677	MANURE	0.819212805059202
SRR14300678	MANURE	0.82690498679288
SRR14300679	MANURE	0.653605669775637
SRR14300680	MANURE	0.784733857449209
SRR14300681	MANURE	
SRR14300682	MANURE	
SRR14300683	MANURE	0.99948770888427
SRR14300684	MANURE	0.907873039092043
SRR14300685	MANURE	0.908776402647335
SRR14300686	SILAGE	0.993373986032397
SRR14300687	MANURE	0.78305328309943
SRR14300688	MANURE	0.272224197490146
SRR14300689	MANURE	0.946726290058515
SRR14300690	MANURE	0.890654385433941
SRR14300691	MANURE	0.840939378451145
SRR14300692	MANURE	0.799836512998964
SRR14300693	MANURE	0.725664905546263
SRR14300694	MANURE	
SRR14300695	MANURE	
SRR14300696	MANURE	
SRR14300697	SILAGE	0.88948036159133
SRR14300698	MANURE	0.924575176532619
SRR14300699	MANURE	0.466832942397928
SRR14300700	MANURE	
SRR14300701	MANURE	0.912959159223407
SRR14300702	MANURE	
SRR14300703	MANURE	0.966942785593838
SRR14300704	MANURE	0.657843681290614
SRR14300705	MANURE	0.732670026116189
SRR14300706	MANURE	0.768016738217658
SRR14300707	MANURE	
SRR14300708	SILAGE	0.521627109398541
SRR14300709	MANURE	0.714654735333827
SRR14300710	MANURE	
SRR14300711	MANURE	0.942107909040003
SRR14300712	MANURE	0.672812914418019
SRR14300713	MANURE	0.758470647206509
SRR14300714	FOODWASTE	
SRR14300715	FOODWASTE	
SRR14300716	FOODWASTE	0.932035686824022
SRR14300717	FOODWASTE	0.852261560084736
SRR14300718	FOODWASTE	0.750125871773277
SRR14300719	SILAGE	0.857642518172122
SRR14300720	FOODWASTE	0.87430245117931
SRR14300721	FOODWASTE	
SRR14300722	FOODWASTE	0.75581121004028
SRR14300723	FOODWASTE	0.906277598960751
SRR14300724	FOODWASTE	0.822597152714639
SRR14300725	FOODWASTE	0.897938241106918
SRR14300726	FOODWASTE	0.846220273070955
SRR14300727	FOODWASTE	0.879681498199589
SRR14300728	FOODWASTE	0.838710870383711
SRR14300729	FOODWASTE	0.790362998076281
SRR14300730	SILAGE	0.92165684383447
SRR14300731	FOODWASTE	0.804447142499944
SRR14300732	FOODWASTE	0.898730840999628
SRR14300733	FOODWASTE	0.856369226579412
SRR14300734	FOODWASTE	
SRR14300735	FOODWASTE	0.886208577593795
SRR14300736	FOODWASTE	0.934896117578934
SRR14300737	FOODWASTE	0.906611390071242
SRR14300738	FOODWASTE	0.862097802674556
SRR22681385	ALGAE	
SRR22681386	ALGAE	0.992215060722018
SRR22681387	ALGAE	
SRR22681388	ALGAE	
SRR22681389	ALGAE	0.997502546369115
SRR22681390	ALGAE	
SRR22681391	ALGAE	0.845350936622437
SRR22681392	ALGAE	0.785475297227335
SRR22681393	ALGAE	0.996791631981637
SRR22681394	ALGAE	
SRR22681395	ALGAE	0.944310760403136
SRR22681396	ALGAE	0.908303846738537
SRR6173195	MIXED	0.933814781852386
SRR6173196	MIXED	0.927099989525616
SRR6173197	MIXED	0.886726768942947
SRR6173198	MIXED	0.934375677176248
SRR6173199	MIXED	0.940142384777391
SRR6173200	MIXED	0.934502082698666
SRR6173201	MIXED	0.921873685437576
SRR6173202	MIXED	0.93591307116973
SRR6173203	MIXED	0.927986418664562
SRR6173204	MIXED	0.949634684674642
SRR6173205	MIXED	0.93058559965759
SRR6173206	MIXED	0.938410233399195
SRR6173207	MIXED	0.931386280835249
SRR6173208	MIXED	0.906836082681897
SRR6173209	MIXED	0.955209256885158
SRR6173210	MIXED	0.94273138687384
SRR6173211	MIXED	0.881608697111193
SRR6173212	MIXED	0.939169867277516
SRR6173213	MIXED	0.928469880072858
SRR6173214	MIXED	0.939554716020933
SRR6173215	MIXED	0.929753441904673
SRR6173216	MIXED	0.913922346720105
SRR6173217	MIXED	0.922651242480843
SRR6173218	MIXED	0.917049488412836
SRR6173219	MIXED	0.906255887616091
SRR6173220	MIXED	0.90950076835446
SRR6173221	MIXED	0.927518508896658
SRR6173222	MIXED	0.950314783410364
SRR6173223	MIXED	0.964693995764971
SRR6173224	MIXED	0.942186121818509
SRR6173225	MIXED	0.939991407453246
SRR6173226	MIXED	0.928170407983194
SRR6173227	MIXED	0.937210133512364
SRR6173228	MIXED	0.971938660730274
SRR6173229	MIXED	0.956282988738452
SRR6173230	MIXED	0.923124111142413
SRR6173231	MIXED	0.93490520463008
SRR6173232	MIXED	0.920983826748747
SRR6173233	MIXED	0.920142331404749
SRR6173234	MIXED	0.930798634818077
SRR6173235	MIXED	0.918485817477035
SRR6173236	MIXED	0.920737672095087
SRR6173237	MIXED	0.886933912174894
SRR6173238	MIXED	0.948064966427118
SRR6173239	MIXED	0.893187083009745
SRR6173240	MIXED	0.95828575530344
SRR6173241	MIXED	0.915910189427782
SRR6173242	MIXED	0.930312067391105
SRR6173243	MIXED	0.873591790509689
SRR6173244	MIXED	0.94359798707237
SRR6173245	MIXED	0.948517546468618
SRR6173246	MIXED	0.93141588955664
SRR6173247	MIXED	0.954895547195529
SRR6173248	MIXED	0.955230335258759
SRR6173249	MIXED	0.920184879105245
SRR6173250	MIXED	0.933724616854759
SRR6173251	MIXED	0.93571021414768
SRR5808316	MIXED	0.953212909623256
SRR5808317	MIXED	0.96857174818786
SRR5808318	MIXED	0.945037354063373
SRR5808319	MIXED	0.96589550104287
SRR5808320	MIXED	0.94913886513762
SRR5808321	MIXED	0.921885676244254
SRR5808322	MIXED	0.93743632981137
SRR5808323	MIXED	0.856594860891593
SRR5808324	MIXED	0.938535219133294
SRR5808325	MIXED	0.84224579395304
SRR5808326	MIXED	0.932645885974669
SRR5808327	MIXED	0.961285457926703
SRR5808328	MIXED	0.934484001982692
SRR5808329	MIXED	0.917610409884988
SRR5808330	MIXED	0.931230711998284
SRR5808331	MIXED	0.939366027111349
SRR5808332	MIXED	0.934305725048176
SRR5808333	MIXED	0.950700452309292
SRR5808334	MIXED	0.952202481570605
SRR5808335	MIXED	0.941435053600412
SRR5808336	MIXED	0.951037491224378
SRR5808337	MIXED	0.93728890135054
SRR5808338	MIXED	0.98625384363065
SRR5808339	MIXED	0.961698420972063
SRR5808340	MIXED	0.943148193924372
SRR5808341	MIXED	0.945092452200229
SRR5808342	MIXED	0.954057829053682
SRR5808343	MIXED	0.961534713368973
SRR5808344	MIXED	0.972296125761984
SRR5808345	MIXED	0.912553796683805
SRR5808346	MIXED	0.920822702103134
SRR5808347	MIXED	0.928603957308673
SRR5808348	MIXED	0.945517859129239
SRR5808349	MIXED	0.821803981137365
SRR5808350	MIXED	0.932128343813277
SRR5808351	MIXED	0.874932478436099
SRR5808352	MIXED	0.914743657649342
SRR5808353	MIXED	0.89514897905391
SRR5808354	MIXED	0.884183529481196
SRR5808355	MIXED	0.951436774070507
SRR5808356	MIXED	0.934307108240599
SRR5808357	MIXED	0.943401739962785
SRR5808358	MIXED	0.925899875753176
SRR5808359	MIXED	0.924830091536599
SRR5808360	MIXED	0.938987338578862
SRR5808361	MIXED	0.912103554878306
SRR5808362	MIXED	0.901082579219342
SRR5808363	MIXED	0.919018449284159
SRR5808364	MIXED	0.893741624656216
SRR5808365	MIXED	0.877216719983582
SRR5808366	MIXED	0.87072405540698
SRR5808367	MIXED	0.868424919149924
SRR5808368	MIXED	0.851945257458659
SRR5808369	MIXED	0.909274844101528
SRR5808370	MIXED	0.931801860162678
SRR5808371	MIXED	0.902993949473998
SRR5808372	MIXED	0.933710737529929
SRR5808373	MIXED	0.903604810671492
SRR5808374	MIXED	0.896826198961673
SRR5808375	MIXED	0.951169455076528
SRR5808376	MIXED	0.94768627894203
SRR5808377	MIXED	0.888720678190362
SRR5808378	MIXED	0.965894767166073
SRR5808379	MIXED	0.930834527185996
SRR5808380	MIXED	0.954813072139797
SRR5808381	MIXED	0.969623755740178
SRR5808382	MIXED	0.881984988515344
SRR5808383	MIXED	0.926304338835032
SRR5808384	MIXED	0.886555184980682
SRR5808385	MIXED	0.873140049802162
SRR5808386	MIXED	0.896185503415585
SRR5808387	MIXED	0.913860708492292
SRR5808388	MIXED	0.807534972075851
SRR5808389	MIXED	0.943322897675793
SRR5808390	MIXED	0.907462029064516
SRR5808391	MIXED	0.960738560682102
SRR5808392	MIXED	0.848755035752265
SRR5808393	MIXED	0.960408821428966
SRR5808394	MIXED	0.880763469170911
SRR5808395	MIXED	0.914274354190215
SRR5808396	MIXED	0.933558802430658
SRR5808397	MIXED	0.961295808017407
SRR5808398	MIXED	0.935844196106647
SRR5808399	MIXED	0.950784485012154
SRR5808400	MIXED	0.940663403356762
SRR5808401	MIXED	0.955250723202668
SRR5808402	MIXED	0.944649283953649
SRR5808403	MIXED	0.921326443698906
SRR5808404	MIXED	0.93825226903041
SRR5808405	MIXED	0.938238000394966
SRR5808406	MIXED	0.943748927506078
SRR5808407	MIXED	0.925367557745129
SRR5808408	MIXED	0.929179869207184
SRR5808409	MIXED	0.923433774583656
SRR5808410	MIXED	0.910717411989861
SRR5808411	MIXED	0.929776519314505
SRR5808412	MIXED	0.916173805705082
SRR5808413	MIXED	0.899066158008883
SRR5808414	MIXED	0.921194814874283
SRR5808415	MIXED	0.927351445485118
SRR5808416	MIXED	0.967807387856708
SRR5808417	MIXED	0.934362536040986
SRR5808418	MIXED	0.973804529897368
SRR5808419	MIXED	0.924872638644398
SRR5808420	MIXED	0.950351864518231
SRR5808421	MIXED	0.92507723877544
SRR5808422	MIXED	0.965460195777123
SRR5808423	MIXED	0.865988935552249
SRR5808424	MIXED	0.942669034942951
SRR5808425	MIXED	0.89876385802493
SRR5808426	MIXED	0.948691408119204
SRR5808427	MIXED	0.90798497859737
SRR5808428	MIXED	0.939103137804006
SRR5808429	MIXED	0.949496538861878
SRR3166006	FOODWASTE	0.70467209978073
SRR3166007	FOODWASTE	0.838364268932198
SRR2312703	FOODWASTE	
SRR2420280	FOODWASTE	
SRR3161878	FOODWASTE	
SRR21103440	SYNTHETIC	0.937227891736251
SRR21103441	SYNTHETIC	0.848929168006087
SRR21103442	SYNTHETIC	0.809576540196126
SRR21103443	SYNTHETIC	0.905024720110629
SRR21103444	SYNTHETIC	0.75007746581544
SRR21103445	SYNTHETIC	0.868739402623091
SRR21103446	SYNTHETIC	0.6268032504582
SRR21103447	SYNTHETIC	0.89917555388574
SRR21103448	SYNTHETIC	0.894947354730762
SRR21103449	SYNTHETIC	0.950415890651222
SRR21103450	SYNTHETIC	0.829124187489602
SRR21103451	SYNTHETIC	0.649000340006292
SRR21103452	SYNTHETIC	0.913380958343652
SRR21103453	SYNTHETIC	0.91382035126498
SRR21103454	SYNTHETIC	0.893137874171705
SRR21103455	SYNTHETIC	0.929261971032504
SRR21103456	SYNTHETIC	0.856089069202968
SRR21103457	SYNTHETIC	0.670921295173624
SRR21103458	SYNTHETIC	0.862879571392425
SRR21103459	SYNTHETIC	0.945545791557243
SRR21103460	SYNTHETIC	0.79107185613346
SRR21103461	SYNTHETIC	0.865870678751919
SRR21103462	SYNTHETIC	0.722292194560498
SRR21103463	SYNTHETIC	0.80006328206061
SRR21103464	SYNTHETIC	0.887855789243151
SRR21103465	SYNTHETIC	0.962860988760121
SRR21103466	SYNTHETIC	0.84117686167808
SRR21103467	SYNTHETIC	0.876768080214554
SRR21103468	SYNTHETIC	0.932096597022304
SRR21103469	SYNTHETIC	0.805298191808125
SRR21103470	SYNTHETIC	0.835142244117618
SRR21103471	SYNTHETIC	0.868537120153202
SRR21103472	SYNTHETIC	0.76321115599662
SRR21103473	SYNTHETIC	0.747477106855671
SRR21103474	SYNTHETIC	0.795795240118594
SRR21103475	SYNTHETIC	0.808413099048917
SRR21103476	SYNTHETIC	0.881332175349867
SRR21103477	SYNTHETIC	0.875992489617256
SRR21103478	SYNTHETIC	0.910460712568621
SRR21103479	SYNTHETIC	0.904608929333858
SRR21103480	SYNTHETIC	0.994030211476957
SRR21103481	SYNTHETIC	0.889418706264772
SRR21103482	SYNTHETIC	0.851536763000056
SRR21103483	SYNTHETIC	0.896336053411258
SRR21103484	SYNTHETIC	0.905401627438286
SRR21103485	SYNTHETIC	0.909662875922454
SRR21103486	SYNTHETIC	0.653479363061385
SRR21103487	SYNTHETIC	0.885045562928987
SRR21103488	SYNTHETIC	0.881224270995549
SRR21103489	SYNTHETIC	0.894741735148989
SRR21103490	SYNTHETIC	0.892124978315692
SRR21103491	SYNTHETIC	0.683878251535723
SRR21103492	SYNTHETIC	0.804135689973613
SRR21103493	SYNTHETIC	0.872375382469915
SRR21103494	SYNTHETIC	0.897806420472953
SRR21103495	SYNTHETIC	0.90158439500638
SRR21103496	SYNTHETIC	0.947675725776843
SRR21103497	SYNTHETIC	0.927655687541432
SRR21103498	SYNTHETIC	0.919501247771277
SRR21103499	SYNTHETIC	0.948902407404458
SRR21103500	SYNTHETIC	0.928783437237552
SRR21103501	SYNTHETIC	0.961573142649113
SRR23782922	SYNTHETIC	0.932927580095726
SRR23782923	SYNTHETIC	0.931921488523151
SRR23782924	SYNTHETIC	0.893223635203526
SRR21283101	MANURE	0.632474691745399
SRR21283102	MANURE	0.622483862162001
SRR21283103	MANURE	0.958805157910244
SRR21283104	MANURE	0.856522245987226
SRR21283105	MANURE	
SRR21283106	MANURE	0.925625084553333
SRR21283107	MANURE	0.706923786757531
SRR21283108	MANURE	
SRR21283109	MANURE	0.878121814256879
SRR21283110	MANURE	
SRR21283111	MANURE	
SRR21283112	MANURE	0.845087996716789
SRR21283113	MANURE	0.850473462869751
SRR21283114	MANURE	0.89914586357758
SRR21283115	MANURE	0.878263621379313
SRR21283116	MANURE	
SRR21283117	MANURE	
SRR21283118	MANURE	0.247465685721627
SRR21283119	MANURE	
SRR21283120	MANURE	0.648307257349972
SRR21283121	MANURE	0.881956662779386
SRR21283122	MANURE	0.917998480846527
SRR21283123	MANURE	
SRR21283124	MANURE	0.827275032570434
SRR21283125	MANURE	0.594050544628641
SRR21465144	DOMESTIC-URBAN	0.869520406039469
SRR21465145	DOMESTIC-URBAN	0.903878205057269
SRR21465146	DOMESTIC-URBAN	0.834954188281873
SRR21465147	DOMESTIC-URBAN	0.874413588777602
SRR21465148	DOMESTIC-URBAN	0.855300383563837
SRR21465149	DOMESTIC-URBAN	0.896142629236857
SRR2392481	VINASSE	0.674228256141013
SRR2346090	VINASSE	0.877568347062252
SRR2320475	VINASSE	0.916913348152707
SRR2218496	VINASSE	0.806746545665749
SRR2239272	VINASSE	0.805023491533807
SRR2243221	VINASSE	0.774859964381033
SRR2193375	VINASSE	0.675359279265966
SRR2193668	VINASSE	0.315997132978425
SRR4450465	MANURE	
SRR4450466	MANURE	
SRR4450467	MANURE	
SRR4450468	MANURE	
SRR4450469	MANURE	
SRR4450470	MANURE	
SRR4450471	MANURE	
SRR4450472	MANURE	
SRR4450473	MANURE	
SRR4450474	MANURE	
SRR4450475	MANURE	
SRR4450476	MANURE	
SRR4450477	MANURE	
SRR4450478	MANURE	
SRR4450479	MANURE	
SRR4450480	MANURE	
SRR4450481	MANURE	
SRR4450482	MANURE	
SRR4450483	MANURE	
SRR4450484	MANURE	
SRR5436374	ALGAE	0.804797958877128
SRR5436375	ALGAE	0.578975456468149
SRR5436376	ALGAE	0.577734326635163
SRR5436377	ALGAE	0.808305417031483
SRR5436378	ALGAE	0.777906227349038
SRR5436379	ALGAE	0.772747745547404
SRR5436380	ALGAE	0.83229396754585
SRR5436381	ALGAE	0.72553717380201
SRR5436382	ALGAE	0.749313751620354
SRR5436383	ALGAE	0.607424630136456
SRR7268534	SYNTHETIC	
SRR7268535	SYNTHETIC	0.863603910084131
SRR7268536	SYNTHETIC	0.669591945535779
SRR7268537	SYNTHETIC	0.846652735115071
SRR7268538	SYNTHETIC	0.952819531114783
SRR7268539	SYNTHETIC	0.842348327022724
SRR7268540	SYNTHETIC	
SRR7268541	SYNTHETIC	0.885783703310805
SRR7268542	SYNTHETIC	0.920619835714305
SRR7268543	SYNTHETIC	0.873054894444886
SRR7268544	SYNTHETIC	0.814558524836638
SRR7268545	SYNTHETIC	0.958082580486617
SRR7268546	SYNTHETIC	0.843295926146438
SRR7268547	SYNTHETIC	
SRR7268548	SYNTHETIC	0.962961064794514
SRR7268549	SYNTHETIC	0.938223291770609
SRR7268550	SYNTHETIC	0.972543828173937
SRR7268551	SYNTHETIC	0.875354663040857
SRR7268552	SYNTHETIC	0.91829583405449
SRR7268553	SYNTHETIC	0.831542777499607
SRR7268554	SYNTHETIC	
SRR7268555	SYNTHETIC	0.839187809998971
SRR7268556	SYNTHETIC	0.979569764547061
SRR7268557	SYNTHETIC	0.878116952038195
SRR20650155	SILAGE	0.835712143100758
SRR20650156	SILAGE	0.775158643507342
SRR20650157	SILAGE	0.720707749495678
SRR20650158	SILAGE	0.760290279049636
SRR20650159	SILAGE	0.726458153668587
SRR20650160	SILAGE	0.764448446162489
SRR20650161	SILAGE	0.807740225850201
SRR20650162	SILAGE	0.811316534854294
SRR20650163	SILAGE	0.820222494722503
SRR20650164	SILAGE	0.793614269699006
SRR20650165	SILAGE	0.777442270331914
SRR20650166	SILAGE	0.822110222623838
SRR20650167	SILAGE	0.830145870360017
SRR20650168	SILAGE	0.823006642206875
SRR20650169	SILAGE	0.803474316830413
SRR20650170	SILAGE	0.822675382155641
SRR20650171	SILAGE	0.726070030167208
SRR20650172	SILAGE	0.79275602553869
SRR20650173	SILAGE	0.73740627101506
SRR20650174	SILAGE	0.804995724547531
SRR20650175	SILAGE	0.86187815022999
SRR20650176	SILAGE	0.758972717706157
SRR20650177	SILAGE	0.832840187825999
SRR20650178	SILAGE	0.778785226757653
SRR20650179	SILAGE	0.717479200088951
SRR20650180	SILAGE	0.7961327185138
SRR20650181	SILAGE	0.803399063658934
SRR20650182	SILAGE	0.657923683100579
SRR20650183	SILAGE	0.780584452842047
SRR20650184	SILAGE	0.71785375562796
SRR20650185	SILAGE	0.731526170810289
SRR20650186	SILAGE	0.80923689649681
SRR20650187	SILAGE	0.77329093744416
SRR20650188	SILAGE	0.789732404639089
SRR20650189	SILAGE	0.667199711269134
SRR6484253	FOODWASTE	0.988489743451418
SRR6484258	FOODWASTE	0.975176744093026
SRR6484259	FOODWASTE	0.91829583405449
SRR6484260	FOODWASTE	0.968583193561574
SRR6484261	FOODWASTE	
SRR6484262	FOODWASTE	0.975106032457374
SRR6484263	FOODWASTE	0.917209722462608
SRR6484264	FOODWASTE	0.970835762725816
SRR6484265	FOODWASTE	0.946411928215015
SRR6484266	FOODWASTE	0.920782221161602
SRR6484267	FOODWASTE	0.966538551452305
SRR6484268	FOODWASTE	0.954908028417711
SRR6484273	FOODWASTE	0.968392514041223
SRR6484276	FOODWASTE	0.975855329321452
SRR6484277	FOODWASTE	0.977069649636775
SRR6484278	FOODWASTE	0.964660010374081
SRR6484279	FOODWASTE	0.940498965264236
SRR6484280	FOODWASTE	0.942440022330926
SRR6484281	FOODWASTE	0.938431425318885
SRR6484246	FOODWASTE	0.926398624786288
SRR6484247	FOODWASTE	0.963574054859188
SRR6484248	FOODWASTE	0.91829583405449
SRR6484249	FOODWASTE	0.936634767250641
SRR6484250	FOODWASTE	0.976614668672714
SRR6484251	FOODWASTE	0.948769510358905
SRR6484252	FOODWASTE	0.966863346962478
SRR6484254	FOODWASTE	0.978783163830819
SRR6484255	FOODWASTE	0.982567593073364
SRR6484256	FOODWASTE	1
SRR6484257	FOODWASTE	0.91829583405449
SRR6484269	FOODWASTE	0.967488764883562
SRR6484270	FOODWASTE	0.920619835714305
SRR6484271	FOODWASTE	0.957686692191732
SRR6484272	FOODWASTE	0.973226527868256
SRR6484274	FOODWASTE	
SRR6484275	FOODWASTE	0.960229717860762
SRR7698539	SYNTHETIC	
SRR2158275	MANURE	0.724760314130717
